[
    {
        "index": 0,
        "Pays": "CH",
        "Nom_Pays": "Suisse",
        "volume": 74,
        "num_dpt": 9,
        "nom_dpt": "Ariege"
    },
    {
        "index": 1,
        "Pays": "CH",
        "Nom_Pays": "Suisse",
        "volume": 80,
        "num_dpt": 9,
        "nom_dpt": "Ariege"
    },
    {
        "index": 2,
        "Pays": "CH",
        "Nom_Pays": "Suisse",
        "volume": 50,
        "num_dpt": 9,
        "nom_dpt": "Ariege"
    },
    {
        "index": 3,
        "Pays": "CH",
        "Nom_Pays": "Suisse",
        "volume": 49,
        "num_dpt": 9,
        "nom_dpt": "Ariege"
    },
    {
        "index": 4,
        "Pays": "CH",
        "Nom_Pays": "Suisse",
        "volume": 188,
        "num_dpt": 9,
        "nom_dpt": "Ariege"
    },
    {
        "index": 5,
        "Pays": "CH",
        "Nom_Pays": "Suisse",
        "volume": 158,
        "num_dpt": 9,
        "nom_dpt": "Ariege"
    },
    {
        "index": 6,
        "Pays": "CH",
        "Nom_Pays": "Suisse",
        "volume": 129,
        "num_dpt": 9,
        "nom_dpt": "Ariege"
    },
    {
        "index": 7,
        "Pays": "CH",
        "Nom_Pays": "Suisse",
        "volume": 114,
        "num_dpt": 9,
        "nom_dpt": "Ariege"
    },
    {
        "index": 8,
        "Pays": "CH",
        "Nom_Pays": "Suisse",
        "volume": 127,
        "num_dpt": 9,
        "nom_dpt": "Ariege"
    },
    {
        "index": 9,
        "Pays": "CH",
        "Nom_Pays": "Suisse",
        "volume": 119,
        "num_dpt": 9,
        "nom_dpt": "Ariege"
    },
    {
        "index": 10,
        "Pays": "CH",
        "Nom_Pays": "Suisse",
        "volume": 208,
        "num_dpt": 9,
        "nom_dpt": "Ariege"
    },
    {
        "index": 11,
        "Pays": "CH",
        "Nom_Pays": "Suisse",
        "volume": 88,
        "num_dpt": 9,
        "nom_dpt": "Ariege"
    },
    {
        "index": 12,
        "Pays": "CH",
        "Nom_Pays": "Suisse",
        "volume": 171,
        "num_dpt": 9,
        "nom_dpt": "Ariege"
    }
]