[{"Pays":"BE","Nom_Pays":"Belgique","num_dpt":9,"nom_dpt":"Ariege","value":103056},{"Pays":"BE","Nom_Pays":"Belgique","num_dpt":11,"nom_dpt":"Aude","value":631717},{"Pays":"BE","Nom_Pays":"Belgique","num_dpt":12,"nom_dpt":"Aveyron","value":220334},{"Pays":"BE","Nom_Pays":"Belgique","num_dpt":30,"nom_dpt":"Gard","value":1431472},{"Pays":"BE","Nom_Pays":"Belgique","num_dpt":31,"nom_dpt":"Haute-Garonne","value":754746},{"Pays":"BE","Nom_Pays":"Belgique","num_dpt":32,"nom_dpt":"Gers","value":179874},{"Pays":"BE","Nom_Pays":"Belgique","num_dpt":34,"nom_dpt":"Herault","value":2245604},{"Pays":"BE","Nom_Pays":"Belgique","num_dpt":46,"nom_dpt":"Lot","value":421793},{"Pays":"BE","Nom_Pays":"Belgique","num_dpt":48,"nom_dpt":"Lozere","value":70192},{"Pays":"BE","Nom_Pays":"Belgique","num_dpt":65,"nom_dpt":"Hautes-Pyrenees","value":175040},{"Pays":"BE","Nom_Pays":"Belgique","num_dpt":66,"nom_dpt":"Pyrenees-Orientales","value":955296},{"Pays":"BE","Nom_Pays":"Belgique","num_dpt":81,"nom_dpt":"Tarn","value":187036},{"Pays":"BE","Nom_Pays":"Belgique","num_dpt":82,"nom_dpt":"Tarn-et-Garonne","value":222562},{"Pays":"CH","Nom_Pays":"Suisse","num_dpt":9,"nom_dpt":"Ariege","value":8815},{"Pays":"CH","Nom_Pays":"Suisse","num_dpt":11,"nom_dpt":"Aude","value":146224},{"Pays":"CH","Nom_Pays":"Suisse","num_dpt":12,"nom_dpt":"Aveyron","value":23784},{"Pays":"CH","Nom_Pays":"Suisse","num_dpt":30,"nom_dpt":"Gard","value":528397},{"Pays":"CH","Nom_Pays":"Suisse","num_dpt":31,"nom_dpt":"Haute-Garonne","value":161136},{"Pays":"CH","Nom_Pays":"Suisse","num_dpt":32,"nom_dpt":"Gers","value":10532},{"Pays":"CH","Nom_Pays":"Suisse","num_dpt":34,"nom_dpt":"Herault","value":697604},{"Pays":"CH","Nom_Pays":"Suisse","num_dpt":46,"nom_dpt":"Lot","value":19505},{"Pays":"CH","Nom_Pays":"Suisse","num_dpt":48,"nom_dpt":"Lozere","value":12489},{"Pays":"CH","Nom_Pays":"Suisse","num_dpt":65,"nom_dpt":"Hautes-Pyrenees","value":44916},{"Pays":"CH","Nom_Pays":"Suisse","num_dpt":66,"nom_dpt":"Pyrenees-Orientales","value":204170},{"Pays":"CH","Nom_Pays":"Suisse","num_dpt":81,"nom_dpt":"Tarn","value":24922},{"Pays":"CH","Nom_Pays":"Suisse","num_dpt":82,"nom_dpt":"Tarn-et-Garonne","value":10822},{"Pays":"DE","Nom_Pays":"Allemagne","num_dpt":9,"nom_dpt":"Ariege","value":126874},{"Pays":"DE","Nom_Pays":"Allemagne","num_dpt":11,"nom_dpt":"Aude","value":1238615},{"Pays":"DE","Nom_Pays":"Allemagne","num_dpt":12,"nom_dpt":"Aveyron","value":284372},{"Pays":"DE","Nom_Pays":"Allemagne","num_dpt":30,"nom_dpt":"Gard","value":1574076},{"Pays":"DE","Nom_Pays":"Allemagne","num_dpt":31,"nom_dpt":"Haute-Garonne","value":1689241},{"Pays":"DE","Nom_Pays":"Allemagne","num_dpt":32,"nom_dpt":"Gers","value":205658},{"Pays":"DE","Nom_Pays":"Allemagne","num_dpt":34,"nom_dpt":"Herault","value":3579177},{"Pays":"DE","Nom_Pays":"Allemagne","num_dpt":46,"nom_dpt":"Lot","value":230929},{"Pays":"DE","Nom_Pays":"Allemagne","num_dpt":48,"nom_dpt":"Lozere","value":149146},{"Pays":"DE","Nom_Pays":"Allemagne","num_dpt":65,"nom_dpt":"Hautes-Pyrenees","value":269908},{"Pays":"DE","Nom_Pays":"Allemagne","num_dpt":66,"nom_dpt":"Pyrenees-Orientales","value":1527882},{"Pays":"DE","Nom_Pays":"Allemagne","num_dpt":81,"nom_dpt":"Tarn","value":260971},{"Pays":"DE","Nom_Pays":"Allemagne","num_dpt":82,"nom_dpt":"Tarn-et-Garonne","value":224022},{"Pays":"DK","Nom_Pays":"Danemark","num_dpt":9,"nom_dpt":"Ariege","value":28696},{"Pays":"DK","Nom_Pays":"Danemark","num_dpt":11,"nom_dpt":"Aude","value":334006},{"Pays":"DK","Nom_Pays":"Danemark","num_dpt":12,"nom_dpt":"Aveyron","value":178606},{"Pays":"DK","Nom_Pays":"Danemark","num_dpt":30,"nom_dpt":"Gard","value":544699},{"Pays":"DK","Nom_Pays":"Danemark","num_dpt":31,"nom_dpt":"Haute-Garonne","value":683688},{"Pays":"DK","Nom_Pays":"Danemark","num_dpt":32,"nom_dpt":"Gers","value":79855},{"Pays":"DK","Nom_Pays":"Danemark","num_dpt":34,"nom_dpt":"Herault","value":1199671},{"Pays":"DK","Nom_Pays":"Danemark","num_dpt":46,"nom_dpt":"Lot","value":70854},{"Pays":"DK","Nom_Pays":"Danemark","num_dpt":48,"nom_dpt":"Lozere","value":22235},{"Pays":"DK","Nom_Pays":"Danemark","num_dpt":65,"nom_dpt":"Hautes-Pyrenees","value":30756},{"Pays":"DK","Nom_Pays":"Danemark","num_dpt":66,"nom_dpt":"Pyrenees-Orientales","value":522570},{"Pays":"DK","Nom_Pays":"Danemark","num_dpt":81,"nom_dpt":"Tarn","value":149811},{"Pays":"DK","Nom_Pays":"Danemark","num_dpt":82,"nom_dpt":"Tarn-et-Garonne","value":140707},{"Pays":"ES","Nom_Pays":"Espagne","num_dpt":9,"nom_dpt":"Ariege","value":185763},{"Pays":"ES","Nom_Pays":"Espagne","num_dpt":11,"nom_dpt":"Aude","value":904892},{"Pays":"ES","Nom_Pays":"Espagne","num_dpt":12,"nom_dpt":"Aveyron","value":139816},{"Pays":"ES","Nom_Pays":"Espagne","num_dpt":30,"nom_dpt":"Gard","value":673905},{"Pays":"ES","Nom_Pays":"Espagne","num_dpt":31,"nom_dpt":"Haute-Garonne","value":1396184},{"Pays":"ES","Nom_Pays":"Espagne","num_dpt":32,"nom_dpt":"Gers","value":113545},{"Pays":"ES","Nom_Pays":"Espagne","num_dpt":34,"nom_dpt":"Herault","value":1546003},{"Pays":"ES","Nom_Pays":"Espagne","num_dpt":46,"nom_dpt":"Lot","value":139888},{"Pays":"ES","Nom_Pays":"Espagne","num_dpt":48,"nom_dpt":"Lozere","value":33200},{"Pays":"ES","Nom_Pays":"Espagne","num_dpt":65,"nom_dpt":"Hautes-Pyrenees","value":850693},{"Pays":"ES","Nom_Pays":"Espagne","num_dpt":66,"nom_dpt":"Pyrenees-Orientales","value":2905756},{"Pays":"ES","Nom_Pays":"Espagne","num_dpt":81,"nom_dpt":"Tarn","value":166337},{"Pays":"ES","Nom_Pays":"Espagne","num_dpt":82,"nom_dpt":"Tarn-et-Garonne","value":204428},{"Pays":"GB","Nom_Pays":"Royaume-Uni de Grande-Bretagne et d'Irlande du Nord","num_dpt":9,"nom_dpt":"Ariege","value":194278},{"Pays":"GB","Nom_Pays":"Royaume-Uni de Grande-Bretagne et d'Irlande du Nord","num_dpt":11,"nom_dpt":"Aude","value":2186309},{"Pays":"GB","Nom_Pays":"Royaume-Uni de Grande-Bretagne et d'Irlande du Nord","num_dpt":12,"nom_dpt":"Aveyron","value":231807},{"Pays":"GB","Nom_Pays":"Royaume-Uni de Grande-Bretagne et d'Irlande du Nord","num_dpt":30,"nom_dpt":"Gard","value":657741},{"Pays":"GB","Nom_Pays":"Royaume-Uni de Grande-Bretagne et d'Irlande du Nord","num_dpt":31,"nom_dpt":"Haute-Garonne","value":889557},{"Pays":"GB","Nom_Pays":"Royaume-Uni de Grande-Bretagne et d'Irlande du Nord","num_dpt":32,"nom_dpt":"Gers","value":450738},{"Pays":"GB","Nom_Pays":"Royaume-Uni de Grande-Bretagne et d'Irlande du Nord","num_dpt":34,"nom_dpt":"Herault","value":1989503},{"Pays":"GB","Nom_Pays":"Royaume-Uni de Grande-Bretagne et d'Irlande du Nord","num_dpt":46,"nom_dpt":"Lot","value":562199},{"Pays":"GB","Nom_Pays":"Royaume-Uni de Grande-Bretagne et d'Irlande du Nord","num_dpt":48,"nom_dpt":"Lozere","value":25214},{"Pays":"GB","Nom_Pays":"Royaume-Uni de Grande-Bretagne et d'Irlande du Nord","num_dpt":65,"nom_dpt":"Hautes-Pyrenees","value":699928},{"Pays":"GB","Nom_Pays":"Royaume-Uni de Grande-Bretagne et d'Irlande du Nord","num_dpt":66,"nom_dpt":"Pyrenees-Orientales","value":1040958},{"Pays":"GB","Nom_Pays":"Royaume-Uni de Grande-Bretagne et d'Irlande du Nord","num_dpt":81,"nom_dpt":"Tarn","value":343467},{"Pays":"GB","Nom_Pays":"Royaume-Uni de Grande-Bretagne et d'Irlande du Nord","num_dpt":82,"nom_dpt":"Tarn-et-Garonne","value":366726},{"Pays":"IT","Nom_Pays":"Italie","num_dpt":9,"nom_dpt":"Ariege","value":13356},{"Pays":"IT","Nom_Pays":"Italie","num_dpt":11,"nom_dpt":"Aude","value":131572},{"Pays":"IT","Nom_Pays":"Italie","num_dpt":12,"nom_dpt":"Aveyron","value":47938},{"Pays":"IT","Nom_Pays":"Italie","num_dpt":30,"nom_dpt":"Gard","value":260717},{"Pays":"IT","Nom_Pays":"Italie","num_dpt":31,"nom_dpt":"Haute-Garonne","value":421129},{"Pays":"IT","Nom_Pays":"Italie","num_dpt":32,"nom_dpt":"Gers","value":33158},{"Pays":"IT","Nom_Pays":"Italie","num_dpt":34,"nom_dpt":"Herault","value":699598},{"Pays":"IT","Nom_Pays":"Italie","num_dpt":46,"nom_dpt":"Lot","value":20060},{"Pays":"IT","Nom_Pays":"Italie","num_dpt":48,"nom_dpt":"Lozere","value":7427},{"Pays":"IT","Nom_Pays":"Italie","num_dpt":65,"nom_dpt":"Hautes-Pyrenees","value":725002},{"Pays":"IT","Nom_Pays":"Italie","num_dpt":66,"nom_dpt":"Pyrenees-Orientales","value":151485},{"Pays":"IT","Nom_Pays":"Italie","num_dpt":81,"nom_dpt":"Tarn","value":48411},{"Pays":"IT","Nom_Pays":"Italie","num_dpt":82,"nom_dpt":"Tarn-et-Garonne","value":38055},{"Pays":"LU","Nom_Pays":"Luxembourg","num_dpt":9,"nom_dpt":"Ariege","value":103056},{"Pays":"LU","Nom_Pays":"Luxembourg","num_dpt":11,"nom_dpt":"Aude","value":631717},{"Pays":"LU","Nom_Pays":"Luxembourg","num_dpt":12,"nom_dpt":"Aveyron","value":220334},{"Pays":"LU","Nom_Pays":"Luxembourg","num_dpt":30,"nom_dpt":"Gard","value":1431472},{"Pays":"LU","Nom_Pays":"Luxembourg","num_dpt":31,"nom_dpt":"Haute-Garonne","value":754746},{"Pays":"LU","Nom_Pays":"Luxembourg","num_dpt":32,"nom_dpt":"Gers","value":179874},{"Pays":"LU","Nom_Pays":"Luxembourg","num_dpt":34,"nom_dpt":"Herault","value":2245604},{"Pays":"LU","Nom_Pays":"Luxembourg","num_dpt":46,"nom_dpt":"Lot","value":421793},{"Pays":"LU","Nom_Pays":"Luxembourg","num_dpt":48,"nom_dpt":"Lozere","value":70192},{"Pays":"LU","Nom_Pays":"Luxembourg","num_dpt":65,"nom_dpt":"Hautes-Pyrenees","value":175040},{"Pays":"LU","Nom_Pays":"Luxembourg","num_dpt":66,"nom_dpt":"Pyrenees-Orientales","value":955296},{"Pays":"LU","Nom_Pays":"Luxembourg","num_dpt":81,"nom_dpt":"Tarn","value":187036},{"Pays":"LU","Nom_Pays":"Luxembourg","num_dpt":82,"nom_dpt":"Tarn-et-Garonne","value":222562},{"Pays":"NL","Nom_Pays":"Pays-Bas","num_dpt":9,"nom_dpt":"Ariege","value":188311},{"Pays":"NL","Nom_Pays":"Pays-Bas","num_dpt":11,"nom_dpt":"Aude","value":409207},{"Pays":"NL","Nom_Pays":"Pays-Bas","num_dpt":12,"nom_dpt":"Aveyron","value":415022},{"Pays":"NL","Nom_Pays":"Pays-Bas","num_dpt":30,"nom_dpt":"Gard","value":1017026},{"Pays":"NL","Nom_Pays":"Pays-Bas","num_dpt":31,"nom_dpt":"Haute-Garonne","value":549008},{"Pays":"NL","Nom_Pays":"Pays-Bas","num_dpt":32,"nom_dpt":"Gers","value":354102},{"Pays":"NL","Nom_Pays":"Pays-Bas","num_dpt":34,"nom_dpt":"Herault","value":1826700},{"Pays":"NL","Nom_Pays":"Pays-Bas","num_dpt":46,"nom_dpt":"Lot","value":450860},{"Pays":"NL","Nom_Pays":"Pays-Bas","num_dpt":48,"nom_dpt":"Lozere","value":124128},{"Pays":"NL","Nom_Pays":"Pays-Bas","num_dpt":65,"nom_dpt":"Hautes-Pyrenees","value":224632},{"Pays":"NL","Nom_Pays":"Pays-Bas","num_dpt":66,"nom_dpt":"Pyrenees-Orientales","value":880357},{"Pays":"NL","Nom_Pays":"Pays-Bas","num_dpt":81,"nom_dpt":"Tarn","value":185961},{"Pays":"NL","Nom_Pays":"Pays-Bas","num_dpt":82,"nom_dpt":"Tarn-et-Garonne","value":290110},{"Pays":"NO","Nom_Pays":"Norvege","num_dpt":9,"nom_dpt":"Ariege","value":28696},{"Pays":"NO","Nom_Pays":"Norvege","num_dpt":11,"nom_dpt":"Aude","value":334006},{"Pays":"NO","Nom_Pays":"Norvege","num_dpt":12,"nom_dpt":"Aveyron","value":178606},{"Pays":"NO","Nom_Pays":"Norvege","num_dpt":30,"nom_dpt":"Gard","value":544699},{"Pays":"NO","Nom_Pays":"Norvege","num_dpt":31,"nom_dpt":"Haute-Garonne","value":683688},{"Pays":"NO","Nom_Pays":"Norvege","num_dpt":32,"nom_dpt":"Gers","value":79855},{"Pays":"NO","Nom_Pays":"Norvege","num_dpt":34,"nom_dpt":"Herault","value":1199671},{"Pays":"NO","Nom_Pays":"Norvege","num_dpt":46,"nom_dpt":"Lot","value":70854},{"Pays":"NO","Nom_Pays":"Norvege","num_dpt":48,"nom_dpt":"Lozere","value":22235},{"Pays":"NO","Nom_Pays":"Norvege","num_dpt":65,"nom_dpt":"Hautes-Pyrenees","value":30756},{"Pays":"NO","Nom_Pays":"Norvege","num_dpt":66,"nom_dpt":"Pyrenees-Orientales","value":522570},{"Pays":"NO","Nom_Pays":"Norvege","num_dpt":81,"nom_dpt":"Tarn","value":149811},{"Pays":"NO","Nom_Pays":"Norvege","num_dpt":82,"nom_dpt":"Tarn-et-Garonne","value":140707},{"Pays":"PT","Nom_Pays":"Portuggal","num_dpt":9,"nom_dpt":"Ariege","value":185763},{"Pays":"PT","Nom_Pays":"Portuggal","num_dpt":11,"nom_dpt":"Aude","value":904892},{"Pays":"PT","Nom_Pays":"Portuggal","num_dpt":12,"nom_dpt":"Aveyron","value":139816},{"Pays":"PT","Nom_Pays":"Portuggal","num_dpt":30,"nom_dpt":"Gard","value":673905},{"Pays":"PT","Nom_Pays":"Portuggal","num_dpt":31,"nom_dpt":"Haute-Garonne","value":1396184},{"Pays":"PT","Nom_Pays":"Portuggal","num_dpt":32,"nom_dpt":"Gers","value":113545},{"Pays":"PT","Nom_Pays":"Portuggal","num_dpt":34,"nom_dpt":"Herault","value":1546003},{"Pays":"PT","Nom_Pays":"Portuggal","num_dpt":46,"nom_dpt":"Lot","value":139888},{"Pays":"PT","Nom_Pays":"Portuggal","num_dpt":48,"nom_dpt":"Lozere","value":33200},{"Pays":"PT","Nom_Pays":"Portuggal","num_dpt":65,"nom_dpt":"Hautes-Pyrenees","value":850693},{"Pays":"PT","Nom_Pays":"Portuggal","num_dpt":66,"nom_dpt":"Pyrenees-Orientales","value":2905756},{"Pays":"PT","Nom_Pays":"Portuggal","num_dpt":81,"nom_dpt":"Tarn","value":166337},{"Pays":"PT","Nom_Pays":"Portuggal","num_dpt":82,"nom_dpt":"Tarn-et-Garonne","value":204428},{"Pays":"SE","Nom_Pays":"Suede","num_dpt":9,"nom_dpt":"Ariege","value":28696},{"Pays":"SE","Nom_Pays":"Suede","num_dpt":11,"nom_dpt":"Aude","value":334006},{"Pays":"SE","Nom_Pays":"Suede","num_dpt":12,"nom_dpt":"Aveyron","value":178606},{"Pays":"SE","Nom_Pays":"Suede","num_dpt":30,"nom_dpt":"Gard","value":544699},{"Pays":"SE","Nom_Pays":"Suede","num_dpt":31,"nom_dpt":"Haute-Garonne","value":683688},{"Pays":"SE","Nom_Pays":"Suede","num_dpt":32,"nom_dpt":"Gers","value":79855},{"Pays":"SE","Nom_Pays":"Suede","num_dpt":34,"nom_dpt":"Herault","value":1199671},{"Pays":"SE","Nom_Pays":"Suede","num_dpt":46,"nom_dpt":"Lot","value":70854},{"Pays":"SE","Nom_Pays":"Suede","num_dpt":48,"nom_dpt":"Lozere","value":22235},{"Pays":"SE","Nom_Pays":"Suede","num_dpt":65,"nom_dpt":"Hautes-Pyrenees","value":30756},{"Pays":"SE","Nom_Pays":"Suede","num_dpt":66,"nom_dpt":"Pyrenees-Orientales","value":522570},{"Pays":"SE","Nom_Pays":"Suede","num_dpt":81,"nom_dpt":"Tarn","value":149811},{"Pays":"SE","Nom_Pays":"Suede","num_dpt":82,"nom_dpt":"Tarn-et-Garonne","value":140707},{"Pays":"US","Nom_Pays":"Etats-Unis d'Am\u00e9rique","num_dpt":9,"nom_dpt":"Ariege","value":9792},{"Pays":"US","Nom_Pays":"Etats-Unis d'Am\u00e9rique","num_dpt":11,"nom_dpt":"Aude","value":103568},{"Pays":"US","Nom_Pays":"Etats-Unis d'Am\u00e9rique","num_dpt":12,"nom_dpt":"Aveyron","value":18179},{"Pays":"US","Nom_Pays":"Etats-Unis d'Am\u00e9rique","num_dpt":30,"nom_dpt":"Gard","value":177851},{"Pays":"US","Nom_Pays":"Etats-Unis d'Am\u00e9rique","num_dpt":31,"nom_dpt":"Haute-Garonne","value":261474},{"Pays":"US","Nom_Pays":"Etats-Unis d'Am\u00e9rique","num_dpt":32,"nom_dpt":"Gers","value":21968},{"Pays":"US","Nom_Pays":"Etats-Unis d'Am\u00e9rique","num_dpt":34,"nom_dpt":"Herault","value":225566},{"Pays":"US","Nom_Pays":"Etats-Unis d'Am\u00e9rique","num_dpt":46,"nom_dpt":"Lot","value":26121},{"Pays":"US","Nom_Pays":"Etats-Unis d'Am\u00e9rique","num_dpt":48,"nom_dpt":"Lozere","value":6405},{"Pays":"US","Nom_Pays":"Etats-Unis d'Am\u00e9rique","num_dpt":65,"nom_dpt":"Hautes-Pyrenees","value":60886},{"Pays":"US","Nom_Pays":"Etats-Unis d'Am\u00e9rique","num_dpt":66,"nom_dpt":"Pyrenees-Orientales","value":106812},{"Pays":"US","Nom_Pays":"Etats-Unis d'Am\u00e9rique","num_dpt":81,"nom_dpt":"Tarn","value":32133},{"Pays":"US","Nom_Pays":"Etats-Unis d'Am\u00e9rique","num_dpt":82,"nom_dpt":"Tarn-et-Garonne","value":20230}]