[{
    "month": "01",
    "data": [
      {
        "name": "Ariège",
        "data": []
      },
      {
        "name": "Aude",
        "data": [
          {
            "name": "Carnaval de Limoux",
            "value": 1402473
          },
          {
            "name": "Ampélofolies du Cabardès",
            "value": 13922
          }
        ]
      },
      {
        "name": "Aveyron",
        "data": []
      },
      {
        "name": "Gard",
        "data": [
          {
            "name": "Festival Flamenco de Nîmes",
            "value": 218837
          }
        ]
      },
      {
        "name": "Haute-Garonne",
        "data": []
      },
      {
        "name": "Gers",
        "data": []
      },
      {
        "name": "Hérault",
        "data": []
      },
      {
        "name": "Lot",
        "data": []
      },
      {
        "name": "Lozère",
        "data": []
      },
      {
        "name": "Hautes-Pyrénées",
        "data": []
      },
      {
        "name": "Pyrénées-Orientales",
        "data": [
          {
            "name": "Festival de l'Aventure",
            "value": 171973
          }
        ]
      },
      {
        "name": "Tarn",
        "data": []
      },
      {
        "name": "Tarn-et-Garonne",
        "data": []
      }
    ]
  },
  {
    "month": "02",
    "data": [
      {
        "name": "Ariège",
        "data": []
      },
      {
        "name": "Aude",
        "data": [
          {
            "name": "Carnaval de Limoux",
            "value": 1402473
          }
        ]
      },
      {
        "name": "Aveyron",
        "data": []
      },
      {
        "name": "Gard",
        "data": []
      },
      {
        "name": "Haute-Garonne",
        "data": [
          {
            "name": "Festival des Créations Télévisuelles de Luchon",
            "value": 310879
          }
        ]
      },
      {
        "name": "Gers",
        "data": []
      },
      {
        "name": "Hérault",
        "data": [
          {
            "name": "Fête de la Soupe autour des vins du Pic Saint Loup",
            "value": 36687
          },
          {
            "name": "Open Sud de France",
            "value": 394734
          },
          {
            "name": "Fête du Cochon et du Terroir",
            "value": 66318
          }
        ]
      },
      {
        "name": "Lot",
        "data": []
      },
      {
        "name": "Lozère",
        "data": [
          {
            "name": "Festival Contes et Rencontres",
            "value": 44664
          }
        ]
      },
      {
        "name": "Hautes-Pyrénées",
        "data": []
      },
      {
        "name": "Pyrénées-Orientales",
        "data": [
          {
            "name": "Fêtes de l'Ours ",
            "value": 66595
          }
        ]
      },
      {
        "name": "Tarn",
        "data": []
      },
      {
        "name": "Tarn-et-Garonne",
        "data": []
      }
    ]
  },
  {
    "month": "03",
    "data": [
      {
        "name": "Ariège",
        "data": [
          {
            "name": "Festival Musiques au Pays de Gabriel Fauré",
            "value": 3164218
          },
          {
            "name": "Swing à Mirepoix",
            "value": 43099
          }
        ]
      },
      {
        "name": "Aude",
        "data": [
          {
            "name": "Carnaval de Limoux",
            "value": 1402473
          },
          {
            "name": "Toques et Clochers",
            "value": 59901
          }
        ]
      },
      {
        "name": "Aveyron",
        "data": []
      },
      {
        "name": "Gard",
        "data": [
          {
            "name": "Festival British Screen / Ecrans Britanniques",
            "value": 305947
          },
          {
            "name": "Abrivado des Plages",
            "value": 31369
          },
          {
            "name": "Festival cinéma d'Alès Itinérances",
            "value": 527802
          },
          {
            "name": "Foire aux antiquités et à la brocante de Barjac",
            "value": 343260
          },
          {
            "name": "Les Nautiques de Port-Camargue",
            "value": 259619
          }
        ]
      },
      {
        "name": "Haute-Garonne",
        "data": []
      },
      {
        "name": "Gers",
        "data": [
          {
            "name": "St-Mont, Vignobles en Fête",
            "value": 33164
          }
        ]
      },
      {
        "name": "Hérault",
        "data": [
          {
            "name": "Escale à Sète",
            "value": 827080
          }
        ]
      },
      {
        "name": "Lot",
        "data": []
      },
      {
        "name": "Lozère",
        "data": []
      },
      {
        "name": "Hautes-Pyrénées",
        "data": [
          {
            "name": "Festival International de Musique sacrée de Lourdes",
            "value": 260333
          }
        ]
      },
      {
        "name": "Pyrénées-Orientales",
        "data": [
          {
            "name": "Salon L'Art des Jardins",
            "value": 92992
          },
          {
            "name": "Festival de Musique Sacrée de Perpignan",
            "value": 641578
          }
        ]
      },
      {
        "name": "Tarn",
        "data": []
      },
      {
        "name": "Tarn-et-Garonne",
        "data": []
      }
    ]
  },
  {
    "month": "04",
    "data": [
      {
        "name": "Ariège",
        "data": [
          {
            "name": "Festival Musiques au Pays de Gabriel Fauré",
            "value": 3164218
          },
          {
            "name": "Swing à Mirepoix",
            "value": 43099
          }
        ]
      },
      {
        "name": "Aude",
        "data": [
          {
            "name": "Découvrons ensemble les espaces naturels sensibles de l Aude",
            "value": 12706173
          },
          {
            "name": "Mondial du Vent",
            "value": 260148
          }
        ]
      },
      {
        "name": "Aveyron",
        "data": []
      },
      {
        "name": "Gard",
        "data": [
          {
            "name": "Festival cinéma d'Alès Itinérances",
            "value": 527802
          },
          {
            "name": "Foire aux antiquités et à la brocante de Barjac",
            "value": 343260
          },
          {
            "name": "Les Nautiques de Port-Camargue",
            "value": 259619
          },
          {
            "name": "Avril en balade en Uzège Pont du Gard",
            "value": 1496320
          },
          {
            "name": "Les Grands Jeux Romains",
            "value": 204327
          }
        ]
      },
      {
        "name": "Haute-Garonne",
        "data": [
          {
            "name": "Journées européennes des Métiers d'Art ",
            "value": 416329
          },
          {
            "name": "Tous au Paquodrôme",
            "value": 76256
          }
        ]
      },
      {
        "name": "Gers",
        "data": []
      },
      {
        "name": "Hérault",
        "data": [
          {
            "name": "Escale à Sète",
            "value": 827080
          },
          {
            "name": "ZAT Montpellier",
            "value": 266664
          },
          {
            "name": "Toutes Caves Ouvertes à Montpeyroux",
            "value": 126229
          },
          {
            "name": "Printival Pézenas",
            "value": 689327
          }
        ]
      },
      {
        "name": "Lot",
        "data": []
      },
      {
        "name": "Lozère",
        "data": []
      },
      {
        "name": "Hautes-Pyrénées",
        "data": [
          {
            "name": "Festival International de Musique sacrée de Lourdes",
            "value": 260333
          }
        ]
      },
      {
        "name": "Pyrénées-Orientales",
        "data": [
          {
            "name": "Festival de cinéma Confrontation",
            "value": 348131
          }
        ]
      },
      {
        "name": "Tarn",
        "data": []
      },
      {
        "name": "Tarn-et-Garonne",
        "data": []
      }
    ]
  },
  {
    "month": "05",
    "data": [
      {
        "name": "Ariège",
        "data": [
          {
            "name": "Festival Musiques au Pays de Gabriel Fauré",
            "value": 3164218
          }
        ]
      },
      {
        "name": "Aude",
        "data": [
          {
            "name": "Découvrons ensemble les espaces naturels sensibles de l Aude",
            "value": 12706173
          },
          {
            "name": "Banquets du Livre de Lagrasse",
            "value": 151637
          },
          {
            "name": "Sentiers Gourmands en Clape Vigneronne",
            "value": 6017
          }
        ]
      },
      {
        "name": "Aveyron",
        "data": []
      },
      {
        "name": "Gard",
        "data": [
          {
            "name": "Feria de Nîmes",
            "value": 825151
          },
          {
            "name": "Festival international du documentaire en Cévennes ",
            "value": 317117
          },
          {
            "name": "FIRA - Festival de la Randonnée en Cévennes",
            "value": 279085
          },
          {
            "name": "Printemps du Pélardon",
            "value": 42174
          }
        ]
      },
      {
        "name": "Haute-Garonne",
        "data": []
      },
      {
        "name": "Gers",
        "data": []
      },
      {
        "name": "Hérault",
        "data": [
          {
            "name": "Les Boutographies - Rencontres photographiques",
            "value": 2764646
          },
          {
            "name": "Foire à la Brocante de Pézenas",
            "value": 51909
          },
          {
            "name": "Festival ImageSingulières",
            "value": 2358933
          },
          {
            "name": "FISE World Montpellier",
            "value": 884940
          },
          {
            "name": "Saperlipopette",
            "value": 275980
          },
          {
            "name": "FESTIKITE, festival international du kite ",
            "value": 326163
          },
          {
            "name": "Festa Trail Pic Saint-Loup",
            "value": 315041
          },
          {
            "name": "Comédie du Livre",
            "value": 288594
          },
          {
            "name": "Printemps des Comédiens",
            "value": 4603050
          }
        ]
      },
      {
        "name": "Lot",
        "data": []
      },
      {
        "name": "Lozère",
        "data": [
          {
            "name": "Fête de la transhumance en Aubrac",
            "value": 6177
          }
        ]
      },
      {
        "name": "Hautes-Pyrénées",
        "data": []
      },
      {
        "name": "Pyrénées-Orientales",
        "data": [
          {
            "name": "Rencontres Cinémaginaire d'Argelès-sur-Mer",
            "value": 306416
          },
          {
            "name": "Fête de la cerise",
            "value": 56803
          }
        ]
      },
      {
        "name": "Tarn",
        "data": []
      },
      {
        "name": "Tarn-et-Garonne",
        "data": []
      }
    ]
  },
  {
    "month": "06",
    "data": [
      {
        "name": "Ariège",
        "data": [
          {
            "name": "Festival Musiques au Pays de Gabriel Fauré",
            "value": 3164218
          }
        ]
      },
      {
        "name": "Aude",
        "data": [
          {
            "name": "Découvrons ensemble les espaces naturels sensibles de l Aude",
            "value": 12706173
          }
        ]
      },
      {
        "name": "Aveyron",
        "data": [
          {
            "name": "Natural Games",
            "value": 131527
          }
        ]
      },
      {
        "name": "Gard",
        "data": [
          {
            "name": "Ouverture du Musée de la Romanité à Nîmes",
            "value": 10791779
          },
          {
            "name": "Féeries du Pont au Pont du Gard",
            "value": 178594
          },
          {
            "name": "Fête de la Transhumance à l'Espérou",
            "value": 51946
          },
          {
            "name": "Uzès Danse",
            "value": 315192
          },
          {
            "name": "JM'S - Journées Méditerranéennes des Saveurs ",
            "value": 131536
          },
          {
            "name": "Festival de Nîmes",
            "value": 3229936
          }
        ]
      },
      {
        "name": "Haute-Garonne",
        "data": [
          {
            "name": "Open Summer Festival",
            "value": 154915
          },
          {
            "name": "Festival Rio Loco !",
            "value": 332017
          },
          {
            "name": "Journées du Patrimoine de Pays et des Moulins",
            "value": 166931
          },
          {
            "name": "Les Siestes  électroniques",
            "value": 472556
          },
          {
            "name": "Festival Tangopostale",
            "value": 959133
          }
        ]
      },
      {
        "name": "Gers",
        "data": [
          {
            "name": "Run & Bike à Condom",
            "value": 19648
          },
          {
            "name": "Festival éclats de Voix",
            "value": 103297
          }
        ]
      },
      {
        "name": "Hérault",
        "data": [
          {
            "name": "Printemps des Comédiens",
            "value": 4603050
          },
          {
            "name": "Balade Gourmande en Saint-Jean-de-Minervois",
            "value": 108673
          },
          {
            "name": "Festival de Musique à Maguelone",
            "value": 1474283
          },
          {
            "name": "Molière, le théâtre dans tous ses éclats",
            "value": 654091
          },
          {
            "name": "Festival des Architectures Vives",
            "value": 892929
          },
          {
            "name": "LA NUIT DES ESTIVALES",
            "value": 161487
          },
          {
            "name": "Quand je pense à Fernande",
            "value": 159851
          },
          {
            "name": "Festival CanalissimÔ",
            "value": 782799
          },
          {
            "name": "Festival du Roman Noir (FIRN)",
            "value": 606818
          },
          {
            "name": "Worldwide Festival Sète",
            "value": 1664742
          }
        ]
      },
      {
        "name": "Lot",
        "data": []
      },
      {
        "name": "Lozère",
        "data": [
          {
            "name": "Trèfle Lozérien",
            "value": 32112
          }
        ]
      },
      {
        "name": "Hautes-Pyrénées",
        "data": []
      },
      {
        "name": "Pyrénées-Orientales",
        "data": [
          {
            "name": "Festival Ida y Vuelta",
            "value": 327022
          }
        ]
      },
      {
        "name": "Tarn",
        "data": []
      },
      {
        "name": "Tarn-et-Garonne",
        "data": [
          {
            "name": "Festival des Voix ",
            "value": 239451
          },
          {
            "name": "Montauban en Scènes",
            "value": 460024
          }
        ]
      }
    ]
  },
  {
    "month": "07",
    "data": [
      {
        "name": "Ariège",
        "data": [
          {
            "name": "Festival Musiques au Pays de Gabriel Fauré",
            "value": 3164218
          },
          {
            "name": "Jazz à Foix",
            "value": 147514
          },
          {
            "name": "Festival Spectacles de Grands Chemins",
            "value": 147514
          }
        ]
      },
      {
        "name": "Aude",
        "data": [
          {
            "name": "Découvrons ensemble les espaces naturels sensibles de l Aude",
            "value": 12706173
          },
          {
            "name": "Festival de Carcassonne",
            "value": 2723386
          },
          {
            "name": "Embrasement de la cité de Carcassonne",
            "value": 116860
          },
          {
            "name": "Festival Musique et Histoire à l'abbaye de Fontfroide",
            "value": 485146
          },
          {
            "name": "Cabardièses de Pennautier",
            "value": 540289
          },
          {
            "name": "Festival Jazz à l'Hospitalet",
            "value": 540289
          }
        ]
      },
      {
        "name": "Aveyron",
        "data": [
          {
            "name": "Natural Games",
            "value": 131527
          },
          {
            "name": "Festival de Sylvanès",
            "value": 2194760
          },
          {
            "name": "Millau Jazz Festival",
            "value": 409250
          },
          {
            "name": "Festival Sous les Toiles",
            "value": 283772
          },
          {
            "name": "Rencontres Musicales de Conques",
            "value": 2266240
          },
          {
            "name": "Festival en Bastides",
            "value": 325586
          }
        ]
      },
      {
        "name": "Gard",
        "data": [
          {
            "name": "Ouverture du Musée de la Romanité à Nîmes",
            "value": 10791779
          },
          {
            "name": "Festival de Nîmes",
            "value": 3229936
          },
          {
            "name": "Rencontres d'été de la Chartreuse",
            "value": 2152265
          },
          {
            "name": "Terralha, Festival Européen des Arts Céramiques",
            "value": 382605
          },
          {
            "name": "Médiévales du Volo Biou",
            "value": 250242
          },
          {
            "name": "Jazz à Junas",
            "value": 645946
          },
          {
            "name": "Nuits Musicales d'Uzès",
            "value": 1586954
          },
          {
            "name": "Les Transes Cévenoles",
            "value": 280761
          }
        ]
      },
      {
        "name": "Haute-Garonne",
        "data": [
          {
            "name": "Les Siestes  électroniques",
            "value": 472556
          },
          {
            "name": "Festival Tangopostale",
            "value": 959133
          },
          {
            "name": "Festival du Comminges",
            "value": 4759664
          }
        ]
      },
      {
        "name": "Gers",
        "data": [
          {
            "name": "Festival Tempo Latino",
            "value": 182647
          },
          {
            "name": "Festival jazz in Marciac",
            "value": 790209
          }
        ]
      },
      {
        "name": "Hérault",
        "data": [
          {
            "name": "Festival CanalissimÔ",
            "value": 782799
          },
          {
            "name": "Festival du Roman Noir (FIRN)",
            "value": 606818
          },
          {
            "name": "Worldwide Festival Sète",
            "value": 1664742
          },
          {
            "name": "Festival Radio France Occitanie Montpellier",
            "value": 5333381
          },
          {
            "name": "Jazz à Sète",
            "value": 2609564
          },
          {
            "name": "Festival de Thau",
            "value": 2646496
          },
          {
            "name": "Résurgence, festival des arts vivants",
            "value": 1209084
          },
          {
            "name": "Festival Voix Vives de Méditerranée en Méditerranée",
            "value": 2778670
          },
          {
            "name": "Festival d'pérettes de Lamalou-les-Bains",
            "value": 8713195
          }
        ]
      },
      {
        "name": "Lot",
        "data": [
          {
            "name": "Cahors Blues Festival",
            "value": 260898
          },
          {
            "name": "Souillac en Jazz",
            "value": 367697
          },
          {
            "name": "Festival de Saint-Céré",
            "value": 2014803
          }
        ]
      },
      {
        "name": "Lozère",
        "data": [
          {
            "name": "Festival International du Film de Vébron",
            "value": 112466
          },
          {
            "name": "Festival Détours du Monde",
            "value": 258101
          }
        ]
      },
      {
        "name": "Hautes-Pyrénées",
        "data": [
          {
            "name": "Musique et vins en Madiran",
            "value": 698572
          },
          {
            "name": "Equestria",
            "value": 417047
          },
          {
            "name": "Festival de Gavarnie",
            "value": 826586
          }
        ]
      },
      {
        "name": "Pyrénées-Orientales",
        "data": [
          {
            "name": "Les Déferlantes d'Argelès sur Mer",
            "value": 639126
          },
          {
            "name": "Kilian's Classik",
            "value": 336248
          },
          {
            "name": "Feria de Céret",
            "value": 1043475
          },
          {
            "name": "Festival Electrobeach",
            "value": 637343
          },
          {
            "name": "Ciné-Rencontres de Prades",
            "value": 1730814
          },
          {
            "name": "Festival de Sardanes",
            "value": 449476
          },
          {
            "name": "Festival Pablo Casals de Prades",
            "value": 4605913
          }
        ]
      },
      {
        "name": "Tarn",
        "data": [
          {
            "name": "Festival Pause Guitare",
            "value": 154144
          },
          {
            "name": "Les Extravadanses",
            "value": 223071
          },
          {
            "name": "Festival Musiques des Lumières",
            "value": 298961
          },
          {
            "name": "Fêtes Médiévales de Cordes-sur-Ciel",
            "value": 72417
          },
          {
            "name": "Festival Musique sur Ciel",
            "value": 275613
          },
          {
            "name": "L'Eté de Vaour",
            "value": 218850
          }
        ]
      },
      {
        "name": "Tarn-et-Garonne",
        "data": [
          {
            "name": "Montauban en Scènes",
            "value": 460024
          },
          {
            "name": "Festival des châteaux de Bruniquel",
            "value": 345566
          },
          {
            "name": "Lez'Art Festival",
            "value": 132628
          },
          {
            "name": "Samba al Pais",
            "value": 100839
          }
        ]
      }
    ]
  },
  {
    "month": "08",
    "data": [
      {
        "name": "Ariège",
        "data": [
          {
            "name": "Festival Musiques au Pays de Gabriel Fauré",
            "value": 3164218
          },
          {
            "name": "MIMA, festival international de marionnettes",
            "value": 133174
          }
        ]
      },
      {
        "name": "Aude",
        "data": [
          {
            "name": "Découvrons ensemble les espaces naturels sensibles de l Aude",
            "value": 12706173
          },
          {
            "name": "Jazz sous les châtaigniers",
            "value": 232880
          },
          {
            "name": "Festival Médiéval de Peyrepertuse",
            "value": 244074
          },
          {
            "name": "Fête du Cassoulet de Castelnaudary",
            "value": 486785
          }
        ]
      },
      {
        "name": "Aveyron",
        "data": [
          {
            "name": "Festival de Sylvanès",
            "value": 2194760
          },
          {
            "name": "Rencontres Musicales de Conques",
            "value": 2266240
          },
          {
            "name": "Festival en Bastides",
            "value": 325586
          }
        ]
      },
      {
        "name": "Gard",
        "data": [
          {
            "name": "Ouverture du Musée de la Romanité à Nîmes",
            "value": 10791779
          },
          {
            "name": "Fête de la Saint Louis à Aigues-Mortes",
            "value": 185157
          }
        ]
      },
      {
        "name": "Haute-Garonne",
        "data": [
          {
            "name": "Festival du Comminges",
            "value": 4759664
          }
        ]
      },
      {
        "name": "Gers",
        "data": [
          {
            "name": "Festival jazz in Marciac",
            "value": 790209
          },
          {
            "name": "Jazz au coeur du Saint-Mont",
            "value": 36396
          },
          {
            "name": "Foire aux Vins et aux Eaux de Vie du Gers",
            "value": 80066
          }
        ]
      },
      {
        "name": "Hérault",
        "data": [
          {
            "name": "Festival d'opérettes de Lamalou-les-Bains",
            "value": 8713195
          },
          {
            "name": "Foire et fêtes de l'huître",
            "value": 700925
          },
          {
            "name": "Family Piknik",
            "value": 345328
          },
          {
            "name": "Feria de Béziers",
            "value": 2274450
          },
          {
            "name": "Fête de la Saint Louis à Sète",
            "value": 1625681
          },
          {
            "name": "Les Nuits d'O ",
            "value": 2293460
          }
        ]
      },
      {
        "name": "Lot",
        "data": [
          {
            "name": "Festival de Saint-Céré",
            "value": 2014803
          },
          {
            "name": "Autour des Cordes - Rencontres Musicales de Figeac",
            "value": 988784
          }
        ]
      },
      {
        "name": "Lozère",
        "data": [
          {
            "name": "Festiv'Allier",
            "value": 112313
          },
          {
            "name": "Festival des cultures du monde ",
            "value": 129299
          }
        ]
      },
      {
        "name": "Hautes-Pyrénées",
        "data": [
          {
            "name": "Festival de Gavarnie",
            "value": 826586
          },
          {
            "name": "Tarbes en tango",
            "value": 593232
          },
          {
            "name": "Rockabilly Tarbes",
            "value": 198321
          }
        ]
      },
      {
        "name": "Pyrénées-Orientales",
        "data": [
          {
            "name": "Festival Pablo Casals de Prades",
            "value": 4605913
          },
          {
            "name": "La Préhistoire en fête à Tautavel",
            "value": 694418
          },
          {
            "name": "Festival de Bourg-Madame",
            "value": 3332023
          },
          {
            "name": "Festival Folklorique International d'Amélie les Bains",
            "value": 1793171
          },
          {
            "name": "Fêtes de Saint-Vincent à Collioure",
            "value": 1372375
          },
          {
            "name": "Festival Semaine Flamenco",
            "value": 1380973
          }
        ]
      },
      {
        "name": "Tarn",
        "data": [
          {
            "name": "L'Eté de Vaour",
            "value": 218850
          }
        ]
      },
      {
        "name": "Tarn-et-Garonne",
        "data": [
          {
            "name": "Festival des châteaux de Bruniquel",
            "value": 345566
          }
        ]
      }
    ]
  },
  {
    "month": "09",
    "data": [
      {
        "name": "Ariège",
        "data": [
          {
            "name": "Festival Musiques au Pays de Gabriel Fauré",
            "value": 3164218
          }
        ]
      },
      {
        "name": "Aude",
        "data": [
          {
            "name": "Découvrons ensemble les espaces naturels sensibles de l Aude",
            "value": 12706173
          }
        ]
      },
      {
        "name": "Aveyron",
        "data": []
      },
      {
        "name": "Gard",
        "data": [
          {
            "name": "Ouverture du Musée de la Romanité à Nîmes",
            "value": 10791779
          },
          {
            "name": "Jours de Figues ",
            "value": 110665
          }
        ]
      },
      {
        "name": "Haute-Garonne",
        "data": [
          {
            "name": "Festival du Comminges",
            "value": 4759664
          },
          {
            "name": "Piano aux Jacobins",
            "value": 2312742
          },
          {
            "name": "Electro Alternativ",
            "value": 1614682
          },
          {
            "name": "ManifestO - Rencontres Photographiques de Toulouse",
            "value": 1464020
          }
        ]
      },
      {
        "name": "Gers",
        "data": [
          {
            "name": "L'été photographique de Lectoure",
            "value": 149342
          }
        ]
      },
      {
        "name": "Hérault",
        "data": [
          {
            "name": "Les Nuits d'O ",
            "value": 2293460
          },
          {
            "name": "Saison musicale de Saint-Guilhem-le-Désert",
            "value": 3915492
          },
          {
            "name": "Journées européennes du Patrimoine en Occitanie",
            "value": 363334
          },
          {
            "name": "Festival SEVE",
            "value": 315855
          }
        ]
      },
      {
        "name": "Lot",
        "data": [
          {
            "name": "Montgolfiades de Rocamadour",
            "value": 40617
          }
        ]
      },
      {
        "name": "Lozère",
        "data": [
          {
            "name": "160 km de Florac",
            "value": 57399
          }
        ]
      },
      {
        "name": "Hautes-Pyrénées",
        "data": [
          {
            "name": "Rockabilly Tarbes",
            "value": 198321
          }
        ]
      },
      {
        "name": "Pyrénées-Orientales",
        "data": [
          {
            "name": "Visa pour l'Image",
            "value": 1943019
          }
        ]
      },
      {
        "name": "Tarn",
        "data": []
      },
      {
        "name": "Tarn-et-Garonne",
        "data": []
      }
    ]
  },
  {
    "month": "10",
    "data": [
      {
        "name": "Ariège",
        "data": [
          {
            "name": "Festival Musiques au Pays de Gabriel Fauré",
            "value": 3164218
          }
        ]
      },
      {
        "name": "Aude",
        "data": [
          {
            "name": "Découvrons ensemble les espaces naturels sensibles de l Aude",
            "value": 12706173
          },
          {
            "name": "Orchidées à Fontfroide",
            "value": 115109
          },
          {
            "name": "Festival Voix d'étoiles",
            "value": 185402
          },
          {
            "name": "Foire départementale de l'élevage à Espezel ",
            "value": 64083
          }
        ]
      },
      {
        "name": "Aveyron",
        "data": [
          {
            "name": "Festival des Templiers",
            "value": 91345
          }
        ]
      },
      {
        "name": "Gard",
        "data": [
          {
            "name": "Semaine Cévenole",
            "value": 332395
          },
          {
            "name": "Les Vendanges de l'Histoire",
            "value": 109116
          },
          {
            "name": "Foire de la Pomme et de l'Oignon",
            "value": 71772
          }
        ]
      },
      {
        "name": "Haute-Garonne",
        "data": [
          {
            "name": "Festival international Toulouse les Orgues",
            "value": 1101411
          },
          {
            "name": "Festival Cinespaà±a",
            "value": 861308
          }
        ]
      },
      {
        "name": "Gers",
        "data": [
          {
            "name": "Festival Indépendance(s) et Création",
            "value": 65888
          },
          {
            "name": "Classic Festival",
            "value": 27335
          },
          {
            "name": "CIRCA- Festival du Cirque Actuel",
            "value": 149562
          }
        ]
      },
      {
        "name": "Hérault",
        "data": [
          {
            "name": "Sud de France fête la Qualité",
            "value": 341998
          },
          {
            "name": "Musiques anciennes en Pic Saint-Loup",
            "value": 341998
          },
          {
            "name": "CINEMED - Festival International du Cinéma méditerranéen",
            "value": 1153248
          },
          {
            "name": "Critérium des Cévennes",
            "value": 144880
          },
          {
            "name": "Salon Nautique d'Automne",
            "value": 643642
          }
        ]
      },
      {
        "name": "Lot",
        "data": []
      },
      {
        "name": "Lozère",
        "data": [
          {
            "name": "Les Toqués du cèpe",
            "value": 20775
          },
          {
            "name": "Festival de la Soupe de Florac",
            "value": 25622
          }
        ]
      },
      {
        "name": "Hautes-Pyrénées",
        "data": [
          {
            "name": "Festival pyrénéen de l'image nature",
            "value": 95750
          }
        ]
      },
      {
        "name": "Pyrénées-Orientales",
        "data": [
          {
            "name": "100 Miles Sud de France",
            "value": 190802
          },
          {
            "name": "Fête des Vendanges de Banyuls-sur-Mer",
            "value": 367561
          },
          {
            "name": "Les Trobades Médiévales",
            "value": 127918
          }
        ]
      },
      {
        "name": "Tarn",
        "data": []
      },
      {
        "name": "Tarn-et-Garonne",
        "data": []
      }
    ]
  },
  {
    "month": "11",
    "data": [
      {
        "name": "Ariège",
        "data": []
      },
      {
        "name": "Aude",
        "data": [
          {
            "name": "Découvrons ensemble les espaces naturels sensibles de l Aude",
            "value": 12706173
          },
          {
            "name": "Festival Jazz Conilhac",
            "value": 490660
          },
          {
            "name": "Festival de la caricature et du dessin de presse",
            "value": 208817
          }
        ]
      },
      {
        "name": "Aveyron",
        "data": []
      },
      {
        "name": "Gard",
        "data": [
          {
            "name": "Festival du Polar de Villeneuve-lez-Avignon",
            "value": 136104
          },
          {
            "name": "MIAM - Salon de la gastronomie ",
            "value": 156006
          },
          {
            "name": "Journées de l'Arbre, de la Plante et du Fruit",
            "value": 79651
          }
        ]
      },
      {
        "name": "Haute-Garonne",
        "data": [
          {
            "name": "La Machine à Toulouse ",
            "value": 385425
          }
        ]
      },
      {
        "name": "Gers",
        "data": [
          {
            "name": "La Flamme de l'Armagnac",
            "value": 8711
          },
          {
            "name": "La Flamme de l'Armagnac à Montréal",
            "value": 16229
          }
        ]
      },
      {
        "name": "Hérault",
        "data": [
          {
            "name": "Salon Nautique d'Automne",
            "value": 643642
          },
          {
            "name": "Art Montpellier",
            "value": 361401
          },
          {
            "name": "BOTY - Battle Of the Year",
            "value": 97830
          },
          {
            "name": "Fête des Vignes à Montpellier",
            "value": 249391
          },
          {
            "name": "Salon des Artisans Créateurs",
            "value": 249391
          }
        ]
      },
      {
        "name": "Lot",
        "data": []
      },
      {
        "name": "Lozère",
        "data": []
      },
      {
        "name": "Hautes-Pyrénées",
        "data": []
      },
      {
        "name": "Pyrénées-Orientales",
        "data": [
          {
            "name": "Festival Aujourd'hui Musiques",
            "value": 350873
          }
        ]
      },
      {
        "name": "Tarn",
        "data": []
      },
      {
        "name": "Tarn-et-Garonne",
        "data": []
      }
    ]
  },
  {
    "month": "12",
    "data": [
      {
        "name": "Ariège",
        "data": []
      },
      {
        "name": "Aude",
        "data": [
          {
            "name": "Festival de la caricature et du dessin de presse",
            "value": 208817
          },
          {
            "name": "Fête de la Saint Nicolas à Carcassonne",
            "value": 39797
          }
        ]
      },
      {
        "name": "Aveyron",
        "data": []
      },
      {
        "name": "Gard",
        "data": [
          {
            "name": "Fête de l'Olive à Corconne",
            "value": 29485
          }
        ]
      },
      {
        "name": "Haute-Garonne",
        "data": []
      },
      {
        "name": "Gers",
        "data": [
          {
            "name": "Vendanges et Réveillon du Pacherenc de la St Sylvestre",
            "value": 22162
          }
        ]
      },
      {
        "name": "Hérault",
        "data": []
      },
      {
        "name": "Lot",
        "data": []
      },
      {
        "name": "Lozère",
        "data": []
      },
      {
        "name": "Hautes-Pyrénées",
        "data": []
      },
      {
        "name": "Pyrénées-Orientales",
        "data": [
          {
            "name": "Collioure Couleurs",
            "value": 1614626
          }
        ]
      },
      {
        "name": "Tarn",
        "data": []
      },
      {
        "name": "Tarn-et-Garonne",
        "data": []
      }
    ]
  }
]